drop table if exists Prereq, Advisor, Takes, Student, Teaches, Section, Instructor, Class, Department, Classroom;

create table Classroom (building varchar(15), room_number integer, capacity integer, primary key (building, room_number) );
create table Department (dept varchar(20), building varchar(15), budget decimal(12,2), primary key (dept) );
create table Class (id varchar(8), title varchar(50), dept varchar(20), credits integer, primary key (id) );
create table Instructor (id integer, name varchar(20) not null, dept varchar(20), salary decimal(8,2), primary key (id) );
create table Section (class_id varchar(8), sec_id integer, semester varchar(6), year integer, building varchar(15), room_number integer, primary key (class_id, sec_id, semester, year) );
create table Teaches (inst_id integer, class_id varchar(8), sec_id integer, semester varchar(6), year integer, primary key (inst_id, class_id, sec_id, semester, year) );
create table Student (id integer, name varchar(20) not null, dept varchar(20), tot_cred integer, primary key (id) );
create table Takes (stud_id integer, class_id varchar(8), sec_id integer, semester varchar(6), year integer, grade varchar(2), primary key (stud_id, class_id, sec_id, semester, year) );
create table Advisor (stud_id integer, inst_id integer, primary key (stud_id) );
create table Prereq (class_id varchar(8), prereq_id varchar(8), primary key(class_id, prereq_id) );

insert into Classroom values ('Packard', '101', '500'), ('Painter', '514', '10'), ('Taylor', '3128', '70'), ('Watson', '100', '30'), ('Watson', '120', '50');
insert into Department values ('Biology', 'Watson', '90000'), ('Comp. Sci.', 'Taylor', '100000'), ('Elec. Eng.', 'Taylor', '85000'), ('Finance', 'Painter', '120000'), ('History', 'Painter', '50000'), ('Music', 'Packard', '80000'), ('Physics', 'Watson', '70000');
insert into Class values ('CS-101', 'Intro. to Computer Science', 'Comp. Sci.', '4'), ('BIO-101', 'Intro. to Biology', 'Biology', '4'), ('BIO-301', 'Genetics', 'Biology', '4'), ('BIO-399', 'Computational Biology', 'Biology', '3'), ('CS-190', 'Game Design', 'Comp. Sci.', '4'), ('CS-315', 'Robotics', 'Comp. Sci.', '3'), ('CS-319', 'Image Processing', 'Comp. Sci.', '3'), ('CS-347', 'Database System Concepts', 'Comp. Sci.', '3'), ('EE-181', 'Intro. to Digital Systems', 'Elec. Eng.', '3'), ('FIN-201', 'Investment Banking', 'Finance', '3'), ('HIS-351', 'World History', 'History', '3'), ('MU-199', 'Music Video Production', 'Music', '3'), ('PHY-101', 'Physical Principles', 'Physics', '4');
insert into Instructor values ('10101', 'Srinivasan', 'Comp. Sci.', '65000'), ('12121', 'Wu', 'Finance', '90000'), ('15151', 'Mozart', 'Music', '40000'), ('22222', 'Einstein', 'Physics', '95000'), ('32343', 'El Said', 'History', '60000'), ('33456', 'Gold', 'Physics', '87000'), ('45565', 'Katz', 'Comp. Sci.', '75000'), ('58583', 'Califieri', 'History', '62000'), ('87543', 'Singh', 'Finance', '80000'), ('76766', 'Crick', 'Biology', '72000'), ('83821', 'Brandt', 'Comp. Sci.', '92000'), ('98345', 'Kim', 'Elec. Eng.', '80000');
insert into Section values ('BIO-101', '1', 'Summer', '2009', 'Painter', '514'), ('BIO-301', '1', 'Summer', '2010', 'Painter', '514'), ('CS-101', '1', 'Fall', '2009', 'Packard', '101'), ('CS-101', '1', 'Spring', '2010', 'Packard', '101'), ('CS-190', '1', 'Spring', '2009', 'Taylor', '3128'), ('CS-190', '2', 'Spring', '2009', 'Taylor', '3128'), ('CS-315', '1', 'Spring', '2010', 'Watson', '120'), ('CS-319', '1', 'Spring', '2010', 'Watson', '100'), ('CS-319', '2', 'Spring', '2010', 'Taylor', '3128'), ('CS-347', '1', 'Fall', '2009', 'Taylor', '3128'), ('EE-181', '1', 'Spring', '2009', 'Taylor', '3128'), ('FIN-201', '1', 'Spring', '2010', 'Packard', '101'), ('HIS-351', '1', 'Spring', '2010', 'Painter', '514'), ('MU-199', '1', 'Spring', '2010', 'Packard', '101'), ('PHY-101', '1', 'Fall', '2009', 'Watson', '100');
insert into Teaches values ('12121', 'FIN-201', '1', 'Spring', '2010'), ('10101', 'CS-315', '1', 'Spring', '2010'), ('10101', 'CS-101', '1', 'Fall', '2009'), ('10101', 'CS-347', '1', 'Fall', '2009'), ('15151', 'MU-199', '1', 'Spring', '2010'), ('22222', 'PHY-101', '1', 'Fall', '2009'), ('32343', 'HIS-351', '1', 'Spring', '2010'), ('45565', 'CS-101', '1', 'Spring', '2010'), ('45565', 'CS-319', '1', 'Spring', '2010'), ('76766', 'BIO-101', '1', 'Summer', '2009'), ('76766', 'BIO-301', '1', 'Summer', '2010'), ('83821', 'CS-190', '1', 'Spring', '2009'), ('83821', 'CS-190', '2', 'Spring', '2009'), ('83821', 'CS-319', '2', 'Spring', '2010'), ('98345', 'EE-181', '1', 'Spring', '2009');
insert into Student values ('54321', 'Williams', 'Comp. Sci.', '54'), ('00128', 'Peltier', 'Comp. Sci.', '102'), ('12345', 'Shankar', 'Comp. Sci.', '32'), ('19991', 'Brandt', 'History', '80'), ('23121', 'Chavez', 'Finance', '110'), ('44553', 'Zhang', 'Physics', '56'), ('45678', 'Levy', 'Physics', '46'), ('55739', 'Sanchez', 'Music', '38'), ('70557', 'Snow', 'Physics', '0'), ('76543', 'Brown', 'Comp. Sci.', '58'), ('76653', 'Aoi', 'Elec. Eng.', '60'), ('98765', 'Zhang', 'Elec. Eng.', '98'), ('98988', 'Tanaka', 'Biology', '120');
insert into Takes values ('23121', 'FIN-201', '1', 'Spring', '2010', 'C+'), ('00128', 'CS-101', '1', 'Fall', '2009', 'A'), ('00128', 'CS-347', '1', 'Fall', '2009', 'A-'), ('12345', 'CS-101', '1', 'Fall', '2009', 'C'), ('12345', 'CS-190', '2', 'Spring', '2009', 'A'), ('12345', 'CS-315', '1', 'Spring', '2010', 'A'), ('12345', 'CS-347', '1', 'Fall', '2009', 'A'), ('19991', 'HIS-351', '1', 'Spring', '2010', 'B'), ('44553', 'PHY-101', '1', 'Fall', '2009', 'B-'), ('45678', 'CS-101', '1', 'Fall', '2009', 'D'), ('45678', 'CS-190', '1', 'Spring', '2010', 'B+'), ('45678', 'CS-319', '1', 'Spring', '2010', 'B'), ('54321', 'CS-101', '1', 'Fall', '2009', 'A-'), ('54321', 'CS-190', '2', 'Spring', '2009', 'B+'), ('55739', 'MU-199', '1', 'Spring', '2010', 'A-'), ('76543', 'CS-101', '1', 'Fall', '2009', 'A'), ('76543', 'CS-319', '2', 'Spring', '2010', 'A'), ('76653', 'EE-181', '1', 'Spring', '2009', 'C'), ('98765', 'CS-101', '1', 'Fall', '2009', 'C-'), ('98765', 'CS-315', '1', 'Spring', '2010', 'B'), ('98988', 'BIO-101', '1', 'Summer', '2009', 'A'), ('98988', 'BIO-301', '1', 'Summer', '2010', 'B');
insert into Advisor values ('00128', '45565'), ('12345', '10101'), ('23121', '87543'), ('44553', '22222'), ('45678', '22222'), ('76543', '45565'), ('76653', '98345'), ('98765', '98345'), ('98988', '76766');
insert into Prereq values ('BIO-301', 'BIO-101'), ('BIO-399', 'BIO-301'), ('BIO-399', 'CS-347'), ('CS-190', 'CS-101'), ('CS-315', 'CS-101'), ('CS-319', 'CS-101'), ('CS-347', 'CS-101'), ('EE-181', 'PHY-101');
